                  epoch,         train/box_loss,         train/cls_loss,         train/dfl_loss,   metrics/precision(B),      metrics/recall(B),       metrics/mAP50(B),    metrics/mAP50-95(B),           val/box_loss,           val/cls_loss,           val/dfl_loss,                 lr/pg0,                 lr/pg1,                 lr/pg2
                      1,                 2.0403,                 5.1311,                 1.5643,                  9e-05,                0.00758,                0.00213,                0.00106,                 1.7106,                 5.1575,                 1.2619,              7.145e-05,              7.145e-05,              7.145e-05
                      2,                 1.9177,                 4.7088,                 1.4563,                 0.0001,                0.00758,                0.00046,                0.00028,                 1.4966,                 4.8677,                 1.0967,             0.00015641,             0.00015641,             0.00015641
                      3,                 1.8489,                 3.9475,                 1.3383,                0.00012,                0.00758,                0.00013,                  8e-05,                 1.5827,                 4.6063,                 1.1221,             0.00024052,             0.00024052,             0.00024052
                      4,                 1.7561,                 3.2222,                 1.2653,                0.00015,                0.00758,                0.00016,                  7e-05,                 1.5159,                 4.4265,                 1.0971,             0.00032379,             0.00032379,             0.00032379
                      5,                 1.8259,                 3.4584,                 1.2835,                0.00021,                0.00758,                0.00066,                0.00018,                 1.5541,                 4.4407,                 1.0924,              0.0004062,              0.0004062,              0.0004062
                      6,                 1.7134,                 3.5243,                 1.2416,                0.00247,                0.06061,                0.00315,                0.00221,                 1.5757,                 4.3651,                 1.1489,             0.00048777,             0.00048777,             0.00048777
                      7,                 1.7683,                 3.2056,                 1.3172,                0.00305,                 0.1553,                0.01095,                0.00702,                 1.5618,                 4.3582,                 1.1464,             0.00056849,             0.00056849,             0.00056849
                      8,                 1.8192,                 2.6985,                 1.2681,                0.00043,                0.09686,                0.00294,                0.00137,                 1.4768,                  4.581,                 1.1979,             0.00064836,             0.00064836,             0.00064836
                      9,                  1.699,                  2.603,                  1.245,                0.00213,                0.13095,                0.00226,                0.00128,                 1.7002,                 4.5031,                 1.2561,             0.00072738,             0.00072738,             0.00072738
                     10,                 1.7472,                 2.5168,                 1.2996,                0.00211,                 0.1553,                0.00153,                0.00095,                 1.6787,                 4.4457,                 1.2916,             0.00080555,             0.00080555,             0.00080555
                     11,                 1.7031,                 2.3474,                 1.2728,                0.00253,                0.23323,                0.00345,                0.00262,                 1.5909,                 4.2954,                 1.2365,             0.00088287,             0.00088287,             0.00088287
                     12,                  1.697,                 2.4241,                 1.2127,                0.00378,                0.34524,                0.00689,                0.00497,                 1.5624,                 4.0726,                 1.1799,             0.00095935,             0.00095935,             0.00095935
                     13,                  1.736,                 2.2551,                 1.2486,                0.06111,                0.24297,                0.12543,                0.03869,                 1.6698,                 4.1959,                 1.2246,               0.001035,               0.001035,               0.001035
                     14,                 1.7518,                 2.2358,                 1.2688,                0.44737,                0.04167,                0.15175,                0.05546,                 1.6984,                 4.4967,                 1.2439,              0.0011097,              0.0011097,              0.0011097
                     15,                 1.5809,                 1.8494,                 1.1801,                0.45419,                0.04924,                0.17242,                0.05259,                  1.733,                 5.2312,                  1.344,              0.0011837,              0.0011837,              0.0011837
                     16,                 1.5928,                 2.1177,                 1.2359,                0.55125,                 0.0801,                0.08316,                0.05127,                 1.8178,                 5.0591,                 1.3583,              0.0012568,              0.0012568,              0.0012568
                     17,                 1.7757,                 2.1866,                 1.2601,                0.42682,                0.09091,                 0.0817,                0.03507,                 1.7947,                 4.3879,                 1.3279,              0.0013158,              0.0013158,              0.0013158
                     18,                 1.7045,                  2.089,                 1.2807,                0.51042,                 0.1553,                 0.0816,                0.05042,                 1.8409,                  4.708,                 1.3735,              0.0013158,              0.0013158,              0.0013158
                     19,                 1.5464,                 2.0132,                  1.215,                0.33259,                0.22565,                0.10098,                0.04919,                 1.7915,                 7.2212,                 1.3265,              0.0013087,              0.0013087,              0.0013087
                     20,                 1.6054,                 1.9281,                 1.2259,                0.43413,                0.11052,                 0.1121,                0.04868,                 1.6993,                 8.2554,                 1.2308,              0.0013017,              0.0013017,              0.0013017
                     21,                 1.6066,                 1.9007,                  1.192,                0.50719,                0.20076,                0.15809,                0.06871,                 1.8081,                 5.8107,                 1.2796,              0.0012946,              0.0012946,              0.0012946
                     22,                 1.5929,                 1.9683,                 1.2275,                0.39483,                0.34703,                 0.2844,                0.15477,                  1.699,                 2.9607,                 1.2595,              0.0012875,              0.0012875,              0.0012875
                     23,                  1.509,                  1.818,                 1.1808,                0.49699,                0.38005,                0.40721,                0.21027,                  1.666,                 2.4948,                 1.2672,              0.0012805,              0.0012805,              0.0012805
                     24,                 1.5738,                 1.9572,                 1.1946,                0.72954,                0.23142,                0.33284,                0.15824,                 1.9009,                 3.1522,                 1.3565,              0.0012734,              0.0012734,              0.0012734
                     25,                 1.5182,                 1.8481,                 1.1757,                0.89771,                0.24486,                0.39423,                0.18655,                 1.9094,                 2.8067,                 1.3582,              0.0012663,              0.0012663,              0.0012663
                     26,                 1.5837,                 1.9745,                 1.2114,                 0.6248,                0.35845,                0.48119,                0.20878,                 1.8477,                 2.2377,                   1.35,              0.0012592,              0.0012592,              0.0012592
                     27,                  1.596,                 1.8262,                 1.1819,                0.48011,                0.43042,                0.41891,                0.20148,                 1.6659,                 2.4354,                 1.2601,              0.0012522,              0.0012522,              0.0012522
                     28,                 1.6019,                 1.7961,                 1.1835,                0.61235,                0.42196,                0.39554,                0.20677,                 1.5521,                 2.1679,                 1.2251,              0.0012451,              0.0012451,              0.0012451
                     29,                 1.5598,                 1.7393,                 1.1852,                0.77924,                0.39835,                0.46096,                0.24762,                 1.4893,                 1.9858,                  1.193,               0.001238,               0.001238,               0.001238
                     30,                 1.5165,                 1.6508,                 1.1823,                0.50273,                0.31736,                0.41735,                0.21335,                 1.7437,                 2.1596,                 1.2862,              0.0012309,              0.0012309,              0.0012309
                     31,                 1.6196,                 1.7041,                 1.1804,                0.97648,                0.29631,                 0.4605,                0.22618,                 1.7219,                 2.0682,                 1.2668,              0.0012239,              0.0012239,              0.0012239
                     32,                 1.4804,                 1.5887,                 1.2091,                0.89012,                0.30682,                0.41857,                0.23412,                  1.637,                 2.1522,                 1.2287,              0.0012168,              0.0012168,              0.0012168
                     33,                 1.4809,                 1.6421,                 1.1477,                0.76185,                0.29157,                 0.3869,                0.20272,                  1.681,                 2.3198,                 1.2706,              0.0012097,              0.0012097,              0.0012097
                     34,                 1.5272,                  1.547,                 1.1968,                0.75435,                0.32413,                0.48361,                0.21143,                 1.6587,                 2.1798,                 1.2598,              0.0012026,              0.0012026,              0.0012026
                     35,                  1.518,                 1.4486,                 1.1337,                0.90091,                 0.3722,                0.51993,                 0.2534,                 1.5694,                 1.9308,                 1.2302,              0.0011956,              0.0011956,              0.0011956
                     36,                 1.4094,                 1.4629,                 1.1566,                0.71487,                0.39436,                0.47141,                0.25339,                 1.5324,                 1.9979,                 1.2009,              0.0011885,              0.0011885,              0.0011885
                     37,                 1.5732,                 1.5445,                 1.1801,                0.63574,                0.31277,                0.42055,                0.22575,                 1.5657,                 2.1649,                 1.2055,              0.0011814,              0.0011814,              0.0011814
                     38,                 1.4012,                 1.3888,                 1.1516,                 0.8576,                0.31818,                0.53492,                0.26184,                 1.7153,                 1.9311,                 1.2782,              0.0011744,              0.0011744,              0.0011744
                     39,                 1.4414,                 1.3799,                 1.1091,                0.66209,                0.41963,                0.49884,                0.24295,                 1.6516,                 1.8222,                 1.2231,              0.0011673,              0.0011673,              0.0011673
                     40,                 1.4915,                 1.4533,                 1.1442,                0.56312,                0.44036,                0.52155,                0.26277,                 1.5273,                 1.9197,                 1.1761,              0.0011602,              0.0011602,              0.0011602
                     41,                 1.3995,                 1.3479,                 1.1246,                0.63836,                0.45885,                0.55219,                0.26322,                 1.5386,                 1.8769,                  1.176,              0.0011531,              0.0011531,              0.0011531
                     42,                 1.4002,                 1.2409,                 1.0983,                0.75886,                0.46808,                0.54692,                0.29376,                 1.5571,                 1.6033,                 1.1861,              0.0011461,              0.0011461,              0.0011461
                     43,                 1.3735,                 1.3095,                 1.0958,                0.80793,                0.45218,                 0.5161,                0.27496,                 1.6371,                 1.6707,                 1.2285,               0.001139,               0.001139,               0.001139
                     44,                 1.2861,                 1.3016,                 1.1116,                0.66049,                0.45755,                0.47524,                0.26768,                  1.567,                  1.519,                 1.2157,              0.0011319,              0.0011319,              0.0011319
                     45,                 1.3657,                 1.3575,                 1.1138,                0.64403,                0.47781,                0.52388,                0.28483,                 1.5215,                  1.319,                 1.1946,              0.0011248,              0.0011248,              0.0011248
                     46,                 1.3776,                 1.2823,                 1.1129,                0.47824,                 0.4967,                0.47027,                0.24906,                 1.5749,                 1.3407,                 1.2098,              0.0011178,              0.0011178,              0.0011178
                     47,                 1.4267,                 1.3068,                 1.0703,                0.90656,                 0.3648,                0.54792,                0.23447,                 1.6066,                 1.4425,                 1.2132,              0.0011107,              0.0011107,              0.0011107
                     48,                 1.3461,                 1.2854,                  1.104,                0.59581,                0.49513,                0.53984,                 0.2283,                 1.6468,                 1.5379,                 1.2693,              0.0011036,              0.0011036,              0.0011036
                     49,                 1.3529,                 1.1833,                 1.0835,                0.77639,                 0.5081,                0.57591,                0.23274,                 1.6054,                 1.5065,                  1.256,              0.0010965,              0.0010965,              0.0010965
                     50,                 1.3472,                  1.202,                  1.046,                0.64163,                0.56066,                0.53163,                0.25686,                 1.5735,                 1.5921,                 1.2408,              0.0010895,              0.0010895,              0.0010895
                     51,                 1.3614,                 1.2006,                 1.0806,                0.61689,                0.54437,                0.50626,                0.24579,                 1.5817,                 1.5942,                 1.2436,              0.0010824,              0.0010824,              0.0010824
                     52,                 1.4364,                 1.4272,                 1.1619,                0.73297,                0.60353,                0.57817,                0.23072,                 1.5835,                 1.5862,                 1.2144,              0.0010753,              0.0010753,              0.0010753
                     53,                 1.3672,                 1.2113,                  1.084,                0.60196,                0.50717,                0.46355,                0.23061,                  1.544,                  1.502,                  1.194,              0.0010682,              0.0010682,              0.0010682
                     54,                 1.3154,                 1.2327,                 1.0975,                0.72196,                 0.4053,                0.44808,                0.25763,                 1.4497,                 1.4722,                 1.1644,              0.0010612,              0.0010612,              0.0010612
                     55,                 1.3325,                 1.1396,                 1.0655,                0.68925,                0.39015,                0.41816,                0.23416,                 1.4973,                 1.4745,                 1.1855,              0.0010541,              0.0010541,              0.0010541
                     56,                 1.4504,                 1.2516,                 1.1033,                0.58564,                  0.421,                0.42087,                0.22242,                 1.6196,                 1.4893,                 1.2112,               0.001047,               0.001047,               0.001047
                     57,                 1.3638,                 1.1957,                 1.0899,                0.79746,                0.47454,                0.49327,                 0.2462,                 1.5664,                 1.4614,                 1.2195,                0.00104,                0.00104,                0.00104
                     58,                  1.317,                 1.1344,                 1.0774,                0.70575,                0.49138,                0.51158,                0.26648,                 1.5204,                 1.3737,                 1.1765,              0.0010329,              0.0010329,              0.0010329
                     59,                 1.2955,                 1.0877,                  1.023,                0.64955,                0.49524,                0.52771,                0.27673,                 1.4464,                  1.339,                 1.1435,              0.0010258,              0.0010258,              0.0010258
                     60,                 1.3631,                 1.1532,                 1.1109,                0.62746,                0.49297,                0.46771,                 0.2758,                 1.3969,                 1.3032,                  1.103,              0.0010187,              0.0010187,              0.0010187
                     61,                 1.2776,                 1.1076,                 1.0683,                0.68475,                0.43231,                0.47135,                0.24685,                 1.4975,                 1.3295,                 1.1403,              0.0010117,              0.0010117,              0.0010117
                     62,                 1.3197,                 1.0521,                 1.0489,                0.66322,                0.42055,                0.39966,                0.20675,                 1.6366,                 1.4132,                 1.2058,              0.0010046,              0.0010046,              0.0010046
                     63,                 1.3222,                 1.1645,                 1.0751,                0.51751,                0.39193,                0.38677,                 0.2159,                 1.6049,                 1.3643,                 1.1974,             0.00099751,             0.00099751,             0.00099751
                     64,                 1.2447,                 1.0475,                 1.0528,                0.39571,                0.45292,                0.40952,                0.23633,                 1.5295,                 1.2953,                 1.1719,             0.00099044,             0.00099044,             0.00099044
                     65,                 1.3373,                 1.1257,                 1.0466,                0.43282,                0.47781,                0.40401,                0.23657,                 1.5499,                 1.3769,                 1.1953,             0.00098337,             0.00098337,             0.00098337
                     66,                 1.3625,                 1.1252,                 1.0834,                0.61933,                0.44261,                0.47597,                0.26139,                 1.5592,                 1.3651,                 1.1859,             0.00097629,             0.00097629,             0.00097629
                     67,                 1.2917,                 1.0271,                 1.0543,                0.68984,                0.45509,                0.50712,                0.27662,                 1.5474,                 1.3154,                 1.1682,             0.00096922,             0.00096922,             0.00096922
                     68,                 1.3312,                 1.0901,                 1.1069,                0.64583,                0.45509,                0.52387,                0.26832,                 1.5072,                 1.2866,                 1.1533,             0.00096215,             0.00096215,             0.00096215
                     69,                 1.2621,                 1.1058,                 1.0673,                0.66472,                0.43927,                0.52908,                0.25305,                 1.5237,                 1.3465,                  1.157,             0.00095507,             0.00095507,             0.00095507
                     70,                 1.2979,                 1.0707,                 1.0733,                0.68096,                0.46594,                0.55534,                0.25053,                 1.5922,                 1.3231,                 1.1988,               0.000948,               0.000948,               0.000948
                     71,                  1.224,                0.97917,                 1.0348,                0.75683,                0.39225,                0.50102,                0.26431,                 1.6165,                 1.2147,                 1.2056,             0.00094093,             0.00094093,             0.00094093
                     72,                  1.277,                  1.078,                 1.0345,                0.63551,                0.41701,                0.50189,                0.27664,                   1.63,                 1.1782,                 1.2157,             0.00093385,             0.00093385,             0.00093385
                     73,                 1.2545,                 1.0368,                 1.0226,                0.70254,                0.38682,                0.49312,                0.26854,                 1.5817,                 1.1881,                 1.1949,             0.00092678,             0.00092678,             0.00092678
                     74,                 1.3031,                 1.0314,                 1.1019,                 0.4256,                0.50054,                0.45211,                0.25066,                 1.5719,                 1.2355,                 1.1958,              0.0009197,              0.0009197,              0.0009197
                     75,                 1.2097,                0.96026,                 1.0232,                0.43763,                0.51845,                0.46123,                0.24013,                 1.5937,                 1.2042,                 1.1997,             0.00091263,             0.00091263,             0.00091263
                     76,                 1.2532,                0.94365,                  1.036,                0.53383,                0.53205,                0.51687,                0.24574,                 1.6224,                 1.2364,                 1.2182,             0.00090556,             0.00090556,             0.00090556
                     77,                 1.2461,                0.91423,                 1.0542,                0.56426,                0.54978,                0.51832,                0.25058,                 1.6171,                 1.2527,                 1.2213,             0.00089848,             0.00089848,             0.00089848
                     78,                 1.2917,                0.96405,                 1.0315,                0.53651,                 0.5763,                0.51336,                0.26283,                 1.5803,                  1.157,                 1.1938,             0.00089141,             0.00089141,             0.00089141
                     79,                 1.2157,                0.94697,                 1.0349,                0.65952,                0.57993,                0.53367,                0.28433,                 1.5792,                 1.1165,                 1.2068,             0.00088434,             0.00088434,             0.00088434
                     80,                 1.2466,                0.96734,                 1.0159,                0.79205,                0.54816,                0.59631,                0.30097,                 1.5614,                 1.1284,                 1.2022,             0.00087726,             0.00087726,             0.00087726
                     81,                 1.2503,                 1.0221,                 1.0866,                0.75216,                0.54288,                0.60282,                0.31203,                 1.6002,                 1.2111,                 1.2051,             0.00087019,             0.00087019,             0.00087019
                     82,                 1.2435,                0.97804,                 1.0571,                0.63328,                0.63176,                0.59306,                 0.2877,                 1.6913,                 1.3355,                 1.2306,             0.00086312,             0.00086312,             0.00086312
                     83,                 1.2105,                0.98861,                 1.0471,                0.63107,                 0.6538,                 0.6048,                0.27711,                 1.6925,                 1.2983,                 1.2254,             0.00085604,             0.00085604,             0.00085604
                     84,                 1.2484,                0.91938,                 1.0138,                0.55574,                0.60775,                0.59574,                0.28846,                 1.6007,                 1.1608,                 1.1922,             0.00084897,             0.00084897,             0.00084897
                     85,                 1.1662,                 0.8701,                 1.0001,                0.70886,                 0.4513,                0.54339,                0.28866,                  1.546,                 1.1129,                 1.1727,              0.0008419,              0.0008419,              0.0008419
                     86,                 1.2178,                0.91691,                 1.0365,                0.74006,                0.44348,                0.50492,                0.27547,                 1.5655,                 1.1217,                  1.187,             0.00083482,             0.00083482,             0.00083482
                     87,                 1.2147,                0.90346,                 1.0342,                0.50694,                 0.5974,                0.52067,                0.27768,                 1.5841,                 1.0998,                  1.197,             0.00082775,             0.00082775,             0.00082775
                     88,                 1.1369,                0.88375,                 1.0202,                0.61996,                0.63738,                0.59665,                  0.288,                 1.5792,                 1.0889,                 1.2028,             0.00082067,             0.00082067,             0.00082067
                     89,                 1.1454,                0.85686,                  1.016,                0.64695,                 0.6526,                0.63549,                0.29322,                 1.5474,                  1.061,                 1.2081,              0.0008136,              0.0008136,              0.0008136
                     90,                 1.1854,                0.91396,                 1.0097,                0.86479,                0.53209,                0.62076,                0.29032,                  1.517,                 1.0345,                 1.1998,             0.00080653,             0.00080653,             0.00080653
                     91,                 1.1912,                0.89744,                 1.0458,                0.86987,                0.53561,                0.62855,                0.29129,                 1.5173,                 1.0123,                 1.1993,             0.00079945,             0.00079945,             0.00079945
                     92,                 1.1943,                 1.0088,                 1.0284,                0.55303,                0.56731,                0.58306,                0.29058,                   1.54,                 1.0315,                 1.2134,             0.00079238,             0.00079238,             0.00079238
                     93,                 1.1657,                0.93055,                 1.0201,                0.67207,                0.43725,                0.54268,                 0.2829,                 1.5839,                  1.103,                 1.2269,             0.00078531,             0.00078531,             0.00078531
                     94,                 1.2532,                0.99892,                 1.0541,                0.65621,                0.46213,                0.51935,                0.24915,                 1.6179,                 1.1466,                 1.2226,             0.00077823,             0.00077823,             0.00077823
                     95,                 1.1259,                0.86463,                0.99875,                0.48709,                0.53301,                0.53622,                0.24378,                 1.5804,                 1.1306,                 1.2045,             0.00077116,             0.00077116,             0.00077116
                     96,                 1.0865,                0.83102,                0.99472,                0.66617,                0.62987,                0.60368,                0.26604,                 1.5361,                  1.135,                 1.1812,             0.00076409,             0.00076409,             0.00076409
                     97,                 1.1038,                0.89212,                 1.0348,                0.65127,                0.64525,                 0.6519,                0.27966,                 1.5311,                 1.1195,                 1.1801,             0.00075701,             0.00075701,             0.00075701
                     98,                 1.1823,                0.92165,                 1.0561,                0.60365,                0.66357,                0.62261,                0.28889,                  1.534,                 1.1378,                 1.1675,             0.00074994,             0.00074994,             0.00074994
                     99,                 1.0984,                 0.8905,                0.99423,                 0.7219,                0.58225,                0.63774,                0.29917,                 1.5406,                 1.1398,                 1.1724,             0.00074287,             0.00074287,             0.00074287
                    100,                 1.1509,                 0.8414,                 1.0249,                0.82366,                0.45731,                0.56282,                0.28778,                 1.5426,                 1.0927,                 1.1617,             0.00073579,             0.00073579,             0.00073579
                    101,                 1.0947,                0.83766,                 1.0121,                0.77813,                0.50433,                0.56645,                0.27387,                 1.5862,                 1.0708,                 1.1802,             0.00072872,             0.00072872,             0.00072872
                    102,                 1.1439,                0.94264,                 1.0622,                0.75307,                0.50077,                0.56031,                0.26052,                 1.7037,                 1.1013,                  1.222,             0.00072164,             0.00072164,             0.00072164
                    103,                 1.1259,                0.83716,                 1.0205,                0.71191,                0.49328,                0.56547,                0.26638,                 1.7284,                 1.1148,                 1.2262,             0.00071457,             0.00071457,             0.00071457
                    104,                 1.0812,                 0.7724,                0.99492,                0.78136,                0.50077,                 0.5895,                0.26495,                 1.6392,                 1.0967,                 1.2057,              0.0007075,              0.0007075,              0.0007075
                    105,                 1.1489,                0.88053,                 1.0065,                0.71959,                0.52559,                0.55419,                0.24936,                 1.6009,                 1.0961,                  1.197,             0.00070042,             0.00070042,             0.00070042
                    106,                 1.0977,                0.82076,                 1.0015,                0.78357,                0.53301,                0.55897,                0.25749,                 1.6063,                 1.0531,                 1.1844,             0.00069335,             0.00069335,             0.00069335
                    107,                 1.0688,                0.76066,                0.98848,                0.80519,                0.53975,                0.59705,                0.27674,                 1.5701,                0.98418,                 1.1679,             0.00068628,             0.00068628,             0.00068628
                    108,                 1.0858,                0.79722,                0.99992,                 0.7899,                0.53187,                0.61542,                0.30497,                 1.6063,                0.95611,                 1.1842,              0.0006792,              0.0006792,              0.0006792
                    109,                 1.1523,                0.84066,                 1.0172,                0.87635,                 0.6102,                0.69834,                 0.3316,                 1.5996,                0.95042,                 1.1801,             0.00067213,             0.00067213,             0.00067213
                    110,                 1.0823,                 0.7702,                0.99718,                0.83299,                0.57628,                0.65393,                0.31955,                 1.5079,                0.92783,                 1.1417,             0.00066506,             0.00066506,             0.00066506
                    111,                 1.0576,                0.76051,                 0.9575,                0.74061,                0.58225,                 0.6208,                0.32067,                 1.4929,                0.91032,                 1.1413,             0.00065798,             0.00065798,             0.00065798
                    112,                 1.0704,                0.78547,                 1.0147,                0.65937,                0.53463,                0.54908,                0.28558,                 1.4802,                0.90094,                 1.1468,             0.00065091,             0.00065091,             0.00065091
                    113,                 1.0412,                0.81058,                 0.9785,                 0.7653,                0.48273,                0.55089,                0.28297,                  1.502,                0.92034,                 1.1613,             0.00064384,             0.00064384,             0.00064384
                    114,                  1.118,                0.78683,                0.98444,                0.68888,                0.58113,                0.58122,                0.27624,                 1.5701,                0.96164,                 1.2054,             0.00063676,             0.00063676,             0.00063676
                    115,                 1.0765,                 0.7703,                0.97891,                0.76723,                0.52353,                0.56473,                0.27206,                 1.5722,                0.98285,                 1.2175,             0.00062969,             0.00062969,             0.00062969
                    116,                 1.0375,                0.78995,                0.98704,                0.68646,                0.47142,                0.51848,                 0.2662,                 1.5463,                 1.0101,                 1.2145,             0.00062262,             0.00062262,             0.00062262
                    117,                 1.1699,                0.88583,                 1.0387,                0.66033,                0.47229,                 0.5151,                0.26275,                 1.5676,                 1.0141,                 1.2248,             0.00061554,             0.00061554,             0.00061554
                    118,                 1.0783,                0.75647,                0.99633,                0.61309,                0.48536,                0.51309,                0.26363,                 1.5781,                0.97994,                 1.2225,             0.00060847,             0.00060847,             0.00060847
                    119,                 1.0595,                 0.7408,                0.97773,                0.61995,                0.47282,                0.51385,                0.26922,                 1.5847,                0.99552,                 1.2158,             0.00060139,             0.00060139,             0.00060139
                    120,                 1.1313,                0.75569,                 1.0104,                0.58966,                0.54058,                0.54893,                0.28244,                 1.5719,                 1.0084,                 1.1942,             0.00059432,             0.00059432,             0.00059432
                    121,                 1.0959,                0.75877,                 0.9942,                0.69452,                0.51367,                0.56079,                0.29199,                 1.5682,                 1.0226,                 1.1919,             0.00058725,             0.00058725,             0.00058725
                    122,                 1.0249,                0.73541,                0.97385,                0.73415,                0.56203,                0.56066,                0.28827,                 1.5477,                0.99523,                 1.1739,             0.00058017,             0.00058017,             0.00058017
                    123,                  1.083,                0.78172,                0.99872,                0.82896,                0.55664,                0.55597,                 0.2902,                 1.5609,                0.97462,                 1.1868,              0.0005731,              0.0005731,              0.0005731
                    124,                 1.0654,                0.86934,                0.97687,                0.83295,                 0.5733,                0.61247,                 0.3226,                 1.5884,                0.95484,                 1.2061,             0.00056603,             0.00056603,             0.00056603
                    125,                 1.0087,                0.72523,                0.96564,                0.82456,                0.56881,                0.63671,                0.33176,                 1.5665,                0.93514,                 1.2016,             0.00055895,             0.00055895,             0.00055895
                    126,                 1.0203,                0.73311,                0.96419,                 0.7583,                0.55952,                0.58772,                 0.3072,                 1.5226,                0.94035,                 1.1812,             0.00055188,             0.00055188,             0.00055188
                    127,                 1.0587,                0.73944,                0.98107,                0.78963,                0.60473,                0.64316,                0.31723,                 1.4931,                0.94701,                 1.1628,             0.00054481,             0.00054481,             0.00054481
                    128,                  1.021,                0.73877,                0.96533,                0.62115,                0.69104,                0.63169,                0.31487,                 1.4818,                0.95119,                 1.1501,             0.00053773,             0.00053773,             0.00053773
                    129,                 1.0313,                0.69608,                0.97346,                0.77053,                0.61472,                0.66469,                0.31939,                 1.4915,                0.96368,                  1.153,             0.00053066,             0.00053066,             0.00053066
                    130,                0.95976,                0.72063,                0.95978,                0.75964,                0.57305,                0.62375,                0.31569,                 1.4923,                0.95252,                 1.1504,             0.00052359,             0.00052359,             0.00052359
                    131,                0.96586,                0.67248,                0.94021,                0.75423,                0.57502,                0.63732,                0.31728,                 1.4981,                0.96351,                  1.158,             0.00051651,             0.00051651,             0.00051651
                    132,                 0.9667,                0.66009,                0.94721,                0.75871,                0.55953,                0.62655,                0.32111,                 1.5082,                0.98325,                 1.1677,             0.00050944,             0.00050944,             0.00050944
                    133,                 1.0084,                0.67343,                0.92709,                0.80054,                0.55222,                0.62298,                0.30623,                 1.5187,                0.99981,                 1.1776,             0.00050236,             0.00050236,             0.00050236
                    134,                0.98785,                0.67611,                0.96499,                 0.7751,                0.54437,                0.60964,                0.30335,                 1.5432,                0.99196,                 1.1931,             0.00049529,             0.00049529,             0.00049529
                    135,                0.93559,                0.67715,                0.95097,                0.72515,                0.50168,                 0.5423,                0.29582,                  1.558,                0.98614,                 1.1999,             0.00048822,             0.00048822,             0.00048822
                    136,                 0.9806,                0.68016,                0.96764,                0.72576,                0.50507,                0.55146,                0.30265,                 1.5695,                0.97126,                 1.2095,             0.00048114,             0.00048114,             0.00048114
                    137,                 1.0026,                0.67723,                0.96977,                 0.7288,                0.50271,                0.53764,                0.30089,                 1.5574,                0.95663,                 1.2049,             0.00047407,             0.00047407,             0.00047407
                    138,                0.97641,                0.70875,                0.95094,                0.79011,                0.55245,                0.61086,                0.31452,                 1.5259,                0.95824,                 1.1881,               0.000467,               0.000467,               0.000467
                    139,                 1.0087,                 0.7356,                0.98497,                0.87913,                0.55252,                 0.6213,                0.32051,                 1.5218,                0.95048,                 1.1837,             0.00045992,             0.00045992,             0.00045992
                    140,                0.99124,                0.66009,                0.96842,                0.87194,                0.55897,                0.62147,                0.32328,                  1.552,                0.93325,                 1.1934,             0.00045285,             0.00045285,             0.00045285
                    141,                0.99103,                0.67233,                0.95496,                0.87576,                0.55725,                0.63761,                0.32453,                 1.5749,                0.95124,                 1.2069,             0.00044578,             0.00044578,             0.00044578
                    142,                0.98135,                0.64628,                0.96928,                0.81964,                0.55657,                0.63522,                0.32601,                 1.5786,                0.95923,                  1.228,              0.0004387,              0.0004387,              0.0004387
                    143,                 1.0046,                0.64388,                0.96643,                 0.8081,                 0.5579,                0.63445,                 0.3175,                 1.5744,                0.95942,                 1.2247,             0.00043163,             0.00043163,             0.00043163
                    144,                0.95327,                0.63626,                0.94236,                0.80206,                0.56057,                0.63564,                0.31915,                 1.5571,                0.95096,                 1.2094,             0.00042456,             0.00042456,             0.00042456
                    145,                0.96134,                0.68001,                0.94826,                0.80153,                 0.5609,                 0.6218,                 0.3186,                  1.531,                0.92084,                 1.1856,             0.00041748,             0.00041748,             0.00041748
                    146,                0.90271,                0.66602,                0.94806,                0.78398,                 0.5615,                0.62801,                0.30808,                 1.5338,                0.92182,                 1.1822,             0.00041041,             0.00041041,             0.00041041
                    147,                0.94068,                0.68205,                0.93818,                  0.736,                0.52845,                0.60064,                0.30558,                 1.5389,                0.91933,                 1.1816,             0.00040334,             0.00040334,             0.00040334
                    148,                0.96272,                0.67994,                0.94171,                0.74056,                0.57305,                0.61282,                0.30443,                 1.5618,                0.91082,                 1.1853,             0.00039626,             0.00039626,             0.00039626
                    149,                0.97512,                0.68239,                0.92381,                0.73546,                 0.5789,                0.61844,                0.30757,                 1.5874,                0.91942,                 1.2078,             0.00038919,             0.00038919,             0.00038919
                    150,                0.98292,                0.61579,                0.94786,                0.73343,                0.62199,                0.62608,                0.31123,                 1.6478,                0.92065,                 1.2354,             0.00038211,             0.00038211,             0.00038211
                    151,                0.95052,                0.67288,                0.93281,                0.69304,                0.62987,                0.63172,                 0.3084,                 1.6608,                0.93498,                 1.2439,             0.00037504,             0.00037504,             0.00037504
                    152,                0.97465,                0.68038,                0.95398,                0.88166,                0.56401,                0.65555,                0.29753,                 1.6455,                0.91319,                 1.2224,             0.00036797,             0.00036797,             0.00036797
                    153,                0.94969,                0.65262,                0.93955,                0.73084,                0.61902,                0.64824,                0.30907,                 1.6231,                0.90731,                 1.2115,             0.00036089,             0.00036089,             0.00036089
                    154,                 0.9236,                0.63595,                0.93041,                 0.7984,                0.55029,                0.64661,                0.31082,                 1.5578,                0.91996,                 1.1858,             0.00035382,             0.00035382,             0.00035382
                    155,                0.89095,                0.63535,                 0.9181,                0.81585,                0.55797,                0.63503,                0.31118,                  1.534,                0.92879,                 1.1773,             0.00034675,             0.00034675,             0.00034675
                    156,                0.90712,                0.62593,                 0.9397,                0.82637,                0.56548,                0.64471,                0.30051,                 1.5535,                0.91825,                 1.1788,             0.00033967,             0.00033967,             0.00033967
                    157,                0.90673,                0.61386,                0.94797,                0.81635,                0.56548,                0.62951,                0.29775,                 1.5637,                0.91422,                 1.1785,              0.0003326,              0.0003326,              0.0003326
                    158,                0.90719,                0.60136,                0.94555,                0.75537,                0.63135,                0.62339,                0.29646,                 1.5856,                0.89015,                 1.1886,             0.00032553,             0.00032553,             0.00032553
                    159,                0.91348,                0.66086,                0.91375,                 0.7569,                0.63745,                0.65267,                0.30042,                 1.5902,                0.89145,                 1.1957,             0.00031845,             0.00031845,             0.00031845
                    160,                0.91018,                0.66856,                0.94055,                0.76433,                0.63085,                 0.6545,                0.31932,                 1.5962,                0.88175,                 1.2038,             0.00031138,             0.00031138,             0.00031138
                    161,                0.91549,                0.65497,                0.93403,                0.73664,                0.64276,                0.64404,                0.31635,                 1.5983,                 0.8726,                 1.2045,             0.00030431,             0.00030431,             0.00030431
                    162,                0.86964,                 0.5809,                0.90288,                0.76846,                0.62247,                0.64622,                0.31936,                 1.6007,                0.87199,                 1.2032,             0.00029723,             0.00029723,             0.00029723
                    163,                0.91908,                0.58981,                0.90063,                0.86711,                0.56018,                 0.6242,                0.31471,                 1.5966,                0.85616,                  1.203,             0.00029016,             0.00029016,             0.00029016
                    164,                 0.9408,                0.62466,                0.92084,                0.91538,                 0.5729,                0.62673,                0.31505,                 1.6007,                0.85698,                 1.2065,             0.00028308,             0.00028308,             0.00028308
                    165,                0.86259,                 0.5923,                0.92643,                0.91935,                0.56756,                 0.6308,                0.31491,                 1.5964,                0.87027,                 1.2046,             0.00027601,             0.00027601,             0.00027601
                    166,                0.83131,                0.57589,                0.92382,                0.86461,                0.57295,                0.63478,                0.30893,                 1.5576,                0.86949,                 1.1916,             0.00026894,             0.00026894,             0.00026894
                    167,                 0.8883,                0.61805,                0.93764,                0.89403,                0.57305,                0.63218,                0.30924,                 1.5547,                 0.8781,                 1.1925,             0.00026186,             0.00026186,             0.00026186
                    168,                0.90251,                0.62481,                0.94619,                0.82395,                0.51816,                0.58926,                0.31157,                 1.5515,                0.88451,                 1.1949,             0.00025479,             0.00025479,             0.00025479
                    169,                0.87753,                 0.6182,                0.91021,                0.82082,                0.51424,                0.60206,                0.32115,                 1.5553,                 0.8873,                  1.198,             0.00024772,             0.00024772,             0.00024772
                    170,                0.86595,                0.59564,                0.92076,                0.68676,                0.56966,                 0.6094,                0.30779,                 1.5872,                0.91201,                 1.2094,             0.00024064,             0.00024064,             0.00024064
                    171,                0.89337,                 0.5915,                 0.9381,                0.67337,                0.57344,                0.60332,                0.30732,                 1.5997,                0.90673,                 1.2152,             0.00023357,             0.00023357,             0.00023357
                    172,                0.88192,                0.59234,                0.90405,                0.70833,                0.55623,                0.61435,                  0.321,                 1.5829,                 0.9012,                 1.2144,              0.0002265,              0.0002265,              0.0002265
                    173,                0.88995,                0.61557,                0.92376,                0.71332,                0.55692,                0.61256,                0.32711,                  1.572,                0.90495,                 1.2104,             0.00021942,             0.00021942,             0.00021942
                    174,                0.87953,                0.58682,                0.90912,                0.72065,                0.55842,                0.61054,                0.32644,                 1.5407,                0.89799,                 1.1954,             0.00021235,             0.00021235,             0.00021235
                    175,                0.84951,                0.55884,                0.90609,                0.84175,                0.55201,                0.61912,                0.33144,                 1.5204,                0.88547,                 1.1848,             0.00020528,             0.00020528,             0.00020528
                    176,                0.83525,                0.57846,                0.89898,                0.80721,                0.55682,                0.63416,                0.34315,                  1.511,                0.87338,                 1.1812,              0.0001982,              0.0001982,              0.0001982
                    177,                  0.852,                0.61258,                0.92775,                 0.8081,                 0.5582,                0.64001,                0.34096,                 1.5106,                0.87032,                  1.182,             0.00019113,             0.00019113,             0.00019113
                    178,                0.89163,                0.57963,                0.91561,                0.80979,                0.55915,                0.62532,                 0.3178,                 1.5003,                0.86661,                 1.1772,             0.00018406,             0.00018406,             0.00018406
                    179,                0.85789,                0.60427,                0.91716,                0.79736,                0.56043,                0.62173,                0.31577,                 1.4915,                0.86234,                 1.1729,             0.00017698,             0.00017698,             0.00017698
                    180,                0.86641,                0.59842,                0.92369,                0.68711,                0.64315,                0.61138,                0.29648,                 1.4835,                0.85934,                 1.1674,             0.00016991,             0.00016991,             0.00016991
                    181,                0.85661,                0.58706,                0.92387,                 0.7756,                 0.5609,                0.61389,                0.29775,                 1.4878,                0.86607,                 1.1689,             0.00016283,             0.00016283,             0.00016283
                    182,                0.88898,                 0.6236,                0.93732,                0.65864,                0.64408,                 0.6018,                0.29832,                  1.492,                0.87701,                 1.1749,             0.00015576,             0.00015576,             0.00015576
                    183,                0.85603,                0.56829,                0.92395,                 0.6556,                0.63907,                0.60156,                0.29281,                 1.4967,                0.87668,                 1.1786,             0.00014869,             0.00014869,             0.00014869
                    184,                0.87385,                0.64615,                0.94656,                0.68743,                 0.6354,                0.61414,                0.29836,                 1.4997,                0.88659,                 1.1827,             0.00014161,             0.00014161,             0.00014161
                    185,                0.82459,                0.57226,                 0.9109,                0.68758,                0.63845,                0.60703,                0.29951,                 1.4978,                0.88421,                 1.1829,             0.00013454,             0.00013454,             0.00013454
                    186,                0.82024,                0.56006,                0.91881,                0.69096,                0.63459,                0.60429,                0.31191,                 1.4897,                0.87624,                 1.1804,             0.00012747,             0.00012747,             0.00012747
                    187,                0.79896,                 0.5863,                0.91656,                 0.6921,                0.63479,                0.61116,                0.31638,                 1.4906,                 0.8701,                 1.1788,             0.00012039,             0.00012039,             0.00012039
                    188,                0.76944,                 0.5444,                0.90122,                0.69204,                0.63743,                0.62238,                0.31751,                  1.497,                 0.8518,                 1.1794,             0.00011332,             0.00011332,             0.00011332
                    189,                0.81475,                0.56579,                0.90684,                 0.6881,                0.63731,                0.62398,                0.31912,                 1.4999,                0.84284,                 1.1808,             0.00010625,             0.00010625,             0.00010625
                    190,                0.81427,                0.55076,                0.92369,                0.68972,                 0.6335,                0.62885,                0.32114,                 1.5003,                 0.8344,                 1.1804,             9.9173e-05,             9.9173e-05,             9.9173e-05
                    191,                0.79876,                0.52559,                 0.9361,                0.69675,                0.62848,                 0.6356,                0.32214,                 1.5061,                0.84492,                 1.1828,             9.2099e-05,             9.2099e-05,             9.2099e-05
                    192,                0.78293,                0.55209,                0.92317,                0.68888,                0.62868,                 0.6336,                0.31838,                 1.5223,                0.86733,                 1.1869,             8.5026e-05,             8.5026e-05,             8.5026e-05
                    193,                0.79768,                0.55959,                0.92267,                0.68773,                0.62749,                   0.63,                0.31303,                 1.5329,                0.86925,                 1.1904,             7.7952e-05,             7.7952e-05,             7.7952e-05
                    194,                0.82769,                 0.5412,                0.91868,                0.67521,                0.62048,                0.62208,                0.31302,                 1.5372,                0.87145,                 1.1939,             7.0878e-05,             7.0878e-05,             7.0878e-05
                    195,                0.79773,                0.52046,                 0.9179,                0.68015,                0.62838,                0.62901,                 0.3116,                 1.5426,                0.88207,                 1.1957,             6.3805e-05,             6.3805e-05,             6.3805e-05
                    196,                0.80525,                0.53138,                0.94845,                0.67846,                0.62891,                0.62993,                0.31085,                 1.5418,                0.88314,                 1.1936,             5.6731e-05,             5.6731e-05,             5.6731e-05
                    197,                0.78424,                0.52934,                0.90147,                0.67882,                 0.6285,                0.63033,                0.31113,                 1.5376,                0.87645,                 1.1912,             4.9658e-05,             4.9658e-05,             4.9658e-05
                    198,                0.79209,                0.54514,                0.94461,                0.67817,                0.62509,                0.61937,                0.30631,                 1.5401,                0.87491,                 1.1926,             4.2584e-05,             4.2584e-05,             4.2584e-05
                    199,                0.82632,                0.53871,                0.92391,                0.66922,                0.61757,                0.62174,                0.31033,                 1.5408,                 0.8767,                 1.1941,             3.5511e-05,             3.5511e-05,             3.5511e-05
                    200,                0.77887,                0.51303,                 0.9208,                0.66589,                0.61672,                0.62568,                0.30852,                 1.5374,                0.87876,                 1.1931,             2.8437e-05,             2.8437e-05,             2.8437e-05
